epoch,train_mse
1,0.03347017
2,0.01754824
3,0.01324579
4,0.01150317
5,0.01047427
6,0.00973808
7,0.00910174
8,0.00865357
9,0.00837747
10,0.00823573
