epoch,train_loss,val_loss,val_pixel_acc,val_miou
1,3.9939578342437745,3.4896220207214355,0.4193203735351563,0.029952948987483977
2,3.0518023633956908,2.7603381156921385,0.44630096435546873,0.03599868595600128
3,2.4854211521148684,2.4550640106201174,0.44614227294921877,0.041384155601263045
4,2.218563642501831,2.208459692001343,0.49936065673828123,0.050225492864847184
5,2.094664568901062,2.1181507873535157,0.511390380859375,0.05429652944207192
6,2.0303574275970457,2.102058572769165,0.50778564453125,0.051144335120916366
7,1.9847792673110962,2.1636346530914308,0.49821014404296876,0.05162385493516922
8,1.9686710596084596,2.1297183799743653,0.4992764282226563,0.053939407169818876
