epoch,train_loss
1,5.363620604705811
2,4.351538994979858
3,4.03941953048706
4,3.8326740089416504
5,3.66438638381958
